Retailer,SkuCode,Product,SalesMonth,SalesValue,UnitsSold
"Candy Shack",10024,"Zoots 12.69oz","2020-06-01",2928.13,667
"Candy Shack",10025,"Forage Bar 2.29oz","2020-06-01",2387.10,2190
"Candy Shack",10027,"Huckles 2.11oz","2020-06-01",1284.02,1178
"Candy Shack",10028,"Yumyums 9.16oz","2020-06-01",5307.14,886
"Candy Shack",10029,"Yumyums 5.71oz","2020-06-01",620.12,148
"Candy Shack",10030,"Yumyums 2.29oz","2020-06-01",4362.12,2308
"Candy Shack",10031,"Pippops 9.16oz","2020-06-01",4881.87,1323
"Candy Shack",10032,"Pippops 2.29oz","2020-06-01",1236.06,1134
"Candy Shack",10033,"Zigzags 5.64oz","2020-06-01",5788.67,2003
"Candy Shack",10034,"Bitterbutter 3.88oz","2020-06-01",3229.77,1623
"Candy Shack",10035,"Cerealice 5.64oz","2020-06-01",11992.43,2267
"Candy Shack",10036,"Buzzers 7.47oz","2020-06-01",689.73,277
"Candy Shack",10037,"Cheeky Caramels 12.69oz","2020-06-01",20876.91,2459
"Candy Shack",10038,"Zoots 3.17oz","2020-06-01",3131.67,2253
"Candy Shack",10039,"Rumbuns 2.47oz","2020-06-01",513.85,215
"Candy Shack",10040,"Hoots 2.47oz","2020-06-01",2112.50,1250
"Candy Shack",10041,"Hoots 6.17oz","2020-06-01",708.48,192
"Candy Shack",10042,"Minotaur 3.35oz","2020-06-01",1451.71,859
"Candy Shack",10043,"Paramels 3.35oz","2020-06-01",9157.06,2354
"Candy Shack",10044,"Magma 6.17oz","2020-06-01",10669.23,2487
"Candy Shack",10045,"Magma 2.47oz","2020-06-01",1775.08,892
"Candy Shack",10046,"Unicorn 6.77oz","2020-06-01",1276.87,493
"Candy Shack",10047,"Unicorn 1.69oz","2020-06-01",1889.47,2123
"Candy Shack",10048,"Zigzags 1.41oz","2020-06-01",1295.91,1309
"Candy Shack",10049,"Caramax 2.64oz","2020-06-01",1782.78,1382
"Candy Shack",10050,"Bitterbutter 9.69oz","2020-06-01",886.78,202
"Candy Shack",10051,"Bitterbutter 15.51oz","2020-06-01",11805.31,1819
"Candy Shack",10052,"Dr Sweets 9.52oz","2020-06-01",1927.83,1077
"Candy Shack",10053,"Creamies 2.64oz","2020-06-01",3358.53,1777
"Candy Shack",10055,"Fairy Sweets 1.59oz","2020-06-01",151.80,220
"Candy Shack",10056,"Buzzers 11.98oz","2020-06-01",7.38,2
"Candy Shack",10057,"Cheeky Caramels 3.17oz","2020-06-01",1433.77,533
"Candy Shack",10058,"Banonza 2.64oz","2020-06-01",5312.80,2320
"Candy Shack",10059,"Sportsman 7.05oz","2020-06-01",3264.30,1170
"Candy Shack",10060,"Salt Chocolate 10.57oz","2020-06-01",3267.96,964
"Candy Shack",10061,"Meltos 7.05oz","2020-06-01",6548.49,1131
"Candy Shack",10062,"Meltos 28.19oz","2020-06-01",167.12,8
"Candy Shack",10063,"Zoots 7.93oz","2020-06-01",3847.14,1206
"Candy Shack",10064,"Sweetlings 7.05oz","2020-06-01",12722.84,2236
"Candy Shack",10065,"Sweetlings 11.28oz","2020-06-01",5411.55,645
"Candy Shack",10066,"Googlies 7.75oz","2020-06-01",2056.32,1088
"Candy Shack",10067,"Xero 10.57oz","2020-06-01",3830.67,1373
"Candy Shack",10068,"Xero 4.23oz","2020-06-01",3283.18,2362
"Candy Shack",10069,"The Original 10.57oz","2020-06-01",2933.03,817
"Candy Shack",10070,"The Original 4.23oz","2020-06-01",666.21,419
"Candy Shack",10071,"Sailor Joe 10.57oz","2020-06-01",5454.68,1012
"Candy Shack",10072,"Sailor Joe 4.23oz","2020-06-01",614.23,257
"Candy Shack",10073,"Sailor Joe 42.29oz","2020-06-01",9251.87,523
"Candy Shack",10074,"Obelisk 35.24oz","2020-06-01",37477.86,2534
"Candy Shack",10075,"Obelisk 22.03oz","2020-06-01",22102.92,2148
"Candy Shack",10076,"Gnaw 10.57oz","2020-06-01",4376.63,1627
"Candy Shack",10077,"Gnaw 4.23oz","2020-06-01",3175.98,2462
"Candy Shack",10078,"Rokkolate 4.23oz","2020-06-01",351.52,208
"Candy Shack",10079,"Rokkolate 10.57oz","2020-06-01",3439.08,932
"Candy Shack",10080,"Gumbles 4.41oz","2020-06-01",2600.36,1004
"Candy Shack",10081,"Whippersnappers 4.41oz","2020-06-01",8523.90,2310
"Candy Shack",10082,"Schnoogles 3.52oz","2020-06-01",3094.34,646
"Candy Shack",10083,"Sweetsverse 7.05oz","2020-06-01",2691.07,613
"Candy Shack",10084,"Schnoogles 14.10oz","2020-06-01",2709.98,182
"Candy Shack",10085,"Sweetsverse 28.19oz","2020-06-01",13731.90,910
"Candy Shack",10088,"Unicorn 4.23oz","2020-06-01",3646.23,2037
"Candy Shack",10089,"Zigzags 3.52oz","2020-06-01",4694.14,2246
"Candy Shack",10090,"Zigzags 14.10oz","2020-06-01",1336.94,206
"Candy Shack",10091,"Caramax 10.57oz","2020-06-01",869.82,218
"Candy Shack",10092,"Bravo 7.05oz","2020-06-01",2933.49,1281
"Candy Shack",10093,"Creamies 10.57oz","2020-06-01",5146.79,781
"Candy Shack",10094,"Cerealice 14.10oz","2020-06-01",9720.36,804
"Candy Shack",10095,"Cerealice 3.52oz","2020-06-01",1125.45,305
"Candy Shack",10096,"Daydream 7.05oz","2020-06-01",1853.41,689
"Candy Shack",10097,"Boho 7.05oz","2020-06-01",6710.86,974
"Candy Shack",10099,"Boho 28.19oz","2020-06-01",55988.94,2446
"Candy Shack",10100,"Banananice 4.41oz","2020-06-01",2309.11,799
"Candy Shack",10102,"Cheeky Caramels 7.93oz","2020-06-01",3248.19,561
"Candy Shack",10103,"Elysian Fudge 4.41oz","2020-06-01",14371.89,2571
"Candy Shack",10104,"Elysian Fudge 7.05oz","2020-06-01",5803.55,745
"Candy Shack",10105,"Flair 17.62oz","2020-06-01",19476.27,1133
"Candy Shack",10106,"Flair 7.05oz","2020-06-01",14846.04,1956
"Candy Shack",10107,"Flair 28.19oz","2020-06-01",31076.10,1290
"Candy Shack",10108,"Chocolatey Nougat 14.10oz","2020-06-01",4011.03,1087
"Candy Shack",10109,"Chocolatey Nougat 3.52oz","2020-06-01",1297.10,1090
"Candy Shack",10111,"Salt Chocolate 26.43oz","2020-06-01",4703.72,628
"Candy Shack",10112,"Meltos 2.82oz","2020-06-01",6878.33,2557
"Candy Shack",10113,"Sweetlings 2.82oz","2020-06-01",3346.56,1344
"Candy Shack",10114,"Googlies 19.38oz","2020-06-01",11042.46,2574
"Candy Shack",10115,"Googlies 1.94oz","2020-06-01",349.83,507
"Candy Shack",10116,"Googlies 4.83oz","2020-06-01",1802.13,1397
"Candy Shack",10117,"Sailor Joe 16.92oz","2020-06-01",15918.30,2070
"Candy Shack",10118,"Obelisk 8.81oz","2020-06-01",11341.89,2471
"Candy Shack",10120,"Gnaw 16.92oz","2020-06-01",10130.61,2539
"Candy Shack",10122,"Minotaur 13.39oz","2020-06-01",3423.07,553
"Candy Shack",10123,"Huckles 5.29oz","2020-06-01",1015.75,425
"Candy Shack",10125,"Petals 3.07oz","2020-06-01",4763.99,1771
"Candy Shack",10126,"Petals 1.23oz","2020-06-01",787.78,662
"Candy Shack",10127,"Gumbles 1.76oz","2020-06-01",2832.20,2380
"Candy Shack",10128,"Schnoogles 8.81oz","2020-06-01",1533.21,149
"Candy Shack",10129,"Sweetsverse 2.82oz","2020-06-01",1289.52,648
"Candy Shack",10130,"Whippersnappers 1.76oz","2020-06-01",951.47,563
"Candy Shack",10132,"Paramels 33.48oz","2020-06-01",37331.87,1373
"Candy Shack",10133,"Paramels 13.39oz","2020-06-01",15487.50,1250
"Candy Shack",10134,"Paramels 8.35oz","2020-06-01",15487.77,1803
"Candy Shack",10135,"Twisters 16.92oz","2020-06-01",10485.40,2060
"Candy Shack",10136,"Pippops 22.91oz","2020-06-01",954.62,118
"Candy Shack",10137,"Unicorn 16.92oz","2020-06-01",1468.02,258
"Candy Shack",10138,"Caramax 6.59oz","2020-06-01",1640.90,610
"Candy Shack",10139,"Bravo 1.76oz","2020-06-01",373.29,541
"Candy Shack",10140,"Dynasty 16.00oz","2020-06-01",19750.26,1734
"Candy Shack",10141,"Daydream 2.82oz","2020-06-01",2109.15,1635
"Candy Shack",10142,"Boho 2.82oz","2020-06-01",4191.66,1314
"Candy Shack",10143,"Banananice 1.76oz","2020-06-01",1647.15,1185
"Candy Shack",10144,"Buzzers 3.00oz","2020-06-01",2200.31,1849
"Candy Shack",10145,"Elysian Fudge 1.76oz","2020-06-01",2265.90,910
"Candy Shack",10146,"Constellation 16.00oz","2020-06-01",6112.82,658
"Candy Shack",10147,"Chocolatey Nougat 8.81oz","2020-06-01",5472.67,2113
"Candy Shack",10148,"Banonza 6.59oz","2020-06-01",9718.91,2029
"Candy Shack",10149,"Carousel 16.00oz","2020-06-01",14291.55,1745